event_id,map_id,perim_area_ha_mtbs,perim_minx,perim_miny,perim_maxx,perim_maxy,bbox_minx,bbox_miny,bbox_maxx,bbox_maxy,bbox_width_deg,bbox_height_deg
CA3372011680020180725,10007607,13659.0,-116.771079,33.668954,-116.639544,33.760535,-116.791079,33.648953999999996,-116.619544,33.780535,0.1315,0.0916
CA3399211696420200731,10015390,32984.0,-116.964822,33.972389,-116.766002,34.0899,-116.984822,33.952389,-116.746002,34.1099,0.1988,0.1175
CA3399311448120220526,10029219,5456.0,-114.511087,33.969328,-114.433309,34.066032,-114.531087,33.949327999999994,-114.413309,34.086032,0.0778,0.0967
CA3424011870020181108,0,143831.0,-118.99780819937128,34.00539577575865,-118.64646569195543,34.24309175060089,-119.01780819937127,33.98539577575865,-118.62646569195543,34.26309175060089,0.3513,0.2377
CA3424811795920200906,10016004,114904.0,-118.104971,34.165599,-117.766466,34.483929,-118.124971,34.145599,-117.746466,34.50392900000001,0.3385,0.3183
CA3534311578320210617,10018880,2489.0,-115.804395,35.337165,-115.73035,35.389596,-115.824395,35.317164999999996,-115.71035,35.409596,0.074,0.0524
CA3720111927220200905,10016421,388942.0,-119.484497,36.989232,-118.942676,37.645699,-119.504497,36.969232,-118.92267600000001,37.665699000000004,0.5418,0.6565
CA3734911987120210711,10024050,10195.0,-119.880293,37.301872,-119.766665,37.361992,-119.90029299999999,37.281872,-119.74666500000001,37.381992000000004,0.1136,0.0601
CA3742412156820200816,10015652,406480.0,-121.869592,37.101589,-121.130304,37.883908,-121.889592,37.081588999999994,-121.110304,37.903908,0.7393,0.7823
CA3858612053820210815,10019723,263259.0,-120.655718,38.556844,-119.922959,38.890459,-120.67571799999999,38.536843999999995,-119.90295900000001,38.910459,0.7328,0.3336
CA3879612276720191023,10015716,77724.0,-122.897117,38.527921,-122.655789,38.81597,-122.91711699999999,38.507920999999996,-122.635789,38.83597,0.2413,0.288
CA3924012311020180727,10008492,410038.0,-123.109892,39.044945,-122.439558,39.529877,-123.129892,39.024944999999995,-122.41955800000001,39.549877,0.6703,0.4849
CA4143212238420220902,10029565,4416.0,-122.420306,41.43198,-122.365444,41.512099,-122.44030599999999,41.41198,-122.345444,41.532099,0.0549,0.0801
CA4172612124320190728,10011446,14150.0,-121.303768,41.732137,-121.164204,41.866677,-121.323768,41.712137,-121.144204,41.886677000000006,0.1396,0.1345
CA4183012289520220729,10022341,60329.0,-122.972586,41.727529,-122.691343,41.896864,-122.992586,41.707528999999994,-122.67134300000001,41.916864000000004,0.2812,0.1693
