event_id,fire_name,map_program,fire_type,ignition_date,year,burn_area_acres,burn_area_ha,latitude,longitude,pre_image_id,post_image_id,perimeter_image_id
CA3994012236020180609,APPLE,MTBS,Wildfire,2018-06-09,2018,2850,1153.36,39.92546,-122.355028,804503220180608,804503220180710,
CA3756511912720180611,LIONS,MTBS,Wildfire,2018-06-11,2018,14251,5767.18,37.577233,-119.167685,804203420180619,804203420190724,
CA3735012030020180615,PLANADA,MTBS,Wildfire,2018-06-15,2018,4655,1883.81,37.412204,-120.294516,804303420170522,804303420180626,
CA4034012191020180623,LANE,MTBS,Wildfire,2018-06-23,2018,4040,1634.93,40.328464,-121.826596,804503220180608,804503220180710,
CA3805012095020180629,WAVERLY,MTBS,Wildfire,2018-06-29,2018,12240,4953.36,38.005464,-120.849461,804303420180626,804303420180728,
CA3881012220020180630,COUNTY,MTBS,Wildfire,2018-06-30,2018,92393,37390.15,38.661343,-122.166332,804403320180601,804403320180719,
CA4188012254020180705,KLAMATHON,MTBS,Wildfire,2018-07-05,2018,38159,15442.41,41.959665,-122.528543,804503120180624,804503120180710,
CA3338011743020180706,PENDLETON COMPLEX,MTBS,Wildfire,2018-07-06,2018,2963,1199.08,33.366807,-117.418322,804003720180621,804003720180723,
CA3664611822120180708,GEORGES,MTBS,Wildfire,2018-07-08,2018,3001,1214.46,36.650411,-118.233784,804103520170812,804103520190802,
CA3765211988120180713,FERGUSON,MTBS,Wildfire,2018-07-13,2018,97379,39407.92,37.62932,-119.805404,804203420180705,804203420190708,
CA4195612355120180715,NATCHEZ,MTBS,Wildfire,2018-07-15,2018,38771,15690.08,41.874328,-123.549662,804603120180701,804603120190720,
CA4065012263020180723,CARR,MTBS,Wildfire,2018-07-23,2018,233526,94504.7,40.70092,-122.587273,804503220180710,804503220190729,
CA3372011680020180725,CRANSTON,MTBS,Wildfire,2018-07-25,2018,13084,5294.91,33.715246,-116.697029,804003720170720,804003720190710,
CA3924012311020180727,RANCH,MTBS,Wildfire,2018-07-27,2018,426721,172688.01,39.278856,-122.76003,804503320170723,804503320190814,
CA3906012314020180727,RIVER,MTBS,Wildfire,2018-07-27,2018,48885,19783.08,39.056387,-123.025049,804503320170723,804503320190814,
CA4063012088020180727,WHALEBACK,MTBS,Wildfire,2018-07-27,2018,18641,7543.75,40.627946,-120.826046,804403220180719,804403220190722,
CA3834911992920180801,DONNELL,MTBS,Wildfire,2018-08-02,2018,36191,14645.99,38.37757,-119.820514,804303320180626,804303320190731,
CA3540011877020180803,TARINA,MTBS,Wildfire,2018-08-03,2018,4973,2012.5,35.390167,-118.753763,804103520170913,804103620180916,
CA3367611751620180806,HOLY,MTBS,Wildfire,2018-08-06,2018,22828,9238.17,33.701363,-117.466438,804003720170720,804003720190710,
CA4089112222820180809,HIRZ,MTBS,Wildfire,2018-08-09,2018,46660,18882.65,40.979191,-122.273263,804503220180710,804503220190729,
CA4139512105720180815,STONE,MTBS,Wildfire,2018-08-15,2018,39452,15965.67,41.424208,-121.015465,804403120180719,804403120190722,
CA4114012366020180816,MILL CREEK 1,MTBS,Wildfire,2018-08-16,2018,3994,1616.32,41.140618,-123.65979,804603120180717,804603120190720,
CA3839611945120180904,BOOT,MTBS,Wildfire,2018-09-04,2018,6967,2819.45,38.388105,-119.435764,804303320180626,804303320190731,
CA4094312242720180905,DELTA,MTBS,Wildfire,2018-09-05,2018,63688,25773.64,41.001633,-122.462725,804503220180710,804503220190729,
CA3873012240020180908,SNELL,MTBS,Wildfire,2018-09-08,2018,2493,1008.88,38.715511,-122.381783,804403320180905,804403320180921,
CA3449011860020180922,CHARLIE,MTBS,Wildfire,2018-09-22,2018,3363,1360.96,34.518725,-118.556588,804103620180916,804103620181018,
CA3622011862020181004,ALDER,MTBS,Wildfire,2018-10-04,2018,5218,2111.65,36.233062,-118.633414,804103520170812,804103520190802,
CA4022012217020181007,SUN,MTBS,Wildfire,2018-10-07,2018,3917,1585.16,40.227957,-122.142837,804503220170925,804503220181014,
CA3424011870020181108,WOOLSEY,MTBS,Wildfire,2018-11-08,2018,97955,39641.02,34.118887,-118.799322,B11SLT20171215_30m,A11SLT20181215_30m,
CA3982012144020181108,CAMP,MTBS,Wildfire,2018-11-08,2018,153619,62167.46,39.751606,-121.559242,804403220180719,804403220190722,804403220181210
CA3424011893020181108,HILL,MTBS,Wildfire,2018-11-08,2018,4430,1792.76,34.209973,-118.954054,804103620181103,804203620181110,
CA3572011963220190507,REFUGE,MTBS,Wildfire,2019-05-07,2019,3420,1384.03,35.706858,-119.624962,804203520190505,804203520190622,
CA3892812226620190608,SAND,MTBS,Wildfire,2019-06-08,2019,2472,1000.38,38.904877,-122.255948,804403320190604,804403320190722,
CA3627712094320190625,LONOAK,MTBS,Wildfire,2019-06-25,2019,2609,1055.83,36.209875,-121.046038,804303520190613,804303520190715,
CA3782611887220190726,SPRINGS,MTBS,Wildfire,2019-07-26,2019,6021,2436.61,37.834787,-118.901042,804203420190708,804203420200726,
CA4172612124320190728,TUCKER,MTBS,Wildfire,2019-07-28,2019,14126,5716.59,41.80318,-121.241014,804403120180820,804403120190823,
CA4058912057520190828,R-1  RANCH,MTBS,Wildfire,2019-08-28,2019,3775,1527.69,40.59645,-120.533741,804303220190816,804303220190901,
CA4005312066920190904,WALKER,MTBS,Wildfire,2019-09-04,2019,58769,23782.99,40.088029,-120.587139,804303220190715,804403220200724,
CA4010912278920190905,SOUTH,MTBS,Wildfire,2019-09-05,2019,5641,2282.83,40.116208,-122.815034,804503220180710,804503220200731,
CA3703411834520190904,TABOOSE,MTBS,Wildfire,2019-09-05,2019,10393,4205.9,37.021571,-118.348471,804103420180730,804103420200719,
CA4012012264020190905,RED BANK,MTBS,Wildfire,2019-09-05,2019,8174,3307.9,40.154544,-122.676233,804503220190510,804503220200528,
CA4174812105620190905,LONE,MTBS,Wildfire,2019-09-05,2019,5762,2331.8,41.766455,-121.043485,804403120190823,804403120190924,
CA3760511996620191006,BRICEBURG,MTBS,Wildfire,2019-10-06,2019,5561,2250.46,37.606264,-119.933685,804203420180619,804203420200726,
CA3432611848120191010,SADDLERIDGE,MTBS,Wildfire,2019-10-10,2019,9658,3908.46,34.320123,-118.518315,B11SLU20191006_30m,B11SLU20191105_30m,
CA3872412014620191010,CAPLES,MTBS,Wildfire,2019-10-10,2019,3509,1420.04,38.705356,-120.158283,804303320190715,804303320200717,
CA3879612276720191023,KINCADE,MTBS,Wildfire,2019-10-23,2019,77724,31453.81,38.677337,-122.767482,804503320190424,804503320200426,
CA3447311836820191024,TICK,MTBS,Wildfire,2019-10-24,2019,4926,1993.48,34.453131,-118.38825,804103620191021,804103620191122,
CA3433711905320191031,MARIA,MTBS,Wildfire,2019-11-01,2019,10036,4061.43,34.312741,-119.05811,804103620191021,804103620191122,
CA4004012260920191103,RANCH,MTBS,Wildfire,2019-11-03,2019,2927,1184.52,40.055836,-122.63289,804503220190510,804503220200528,
CA3451411979320191125,CAVE,MTBS,Wildfire,2019-11-25,2019,2766,1119.36,34.4891,-119.766186,804203620180603,804203620200608,
CA3337911735120200609,INDIA,MTBS,Wildfire,2020-06-09,2020,24166,9779.64,33.406451,-117.424363,804003720200525,804003720200626,
CA3852112120220200612,GRANT,MTBS,Wildfire,2020-06-12,2020,5185,2098.3,38.567173,-121.154479,804403320200606,804403320200622,
CA3531811870820200701,BENA,MTBS,Wildfire,2020-07-01,2020,3116,1261.0,35.30641,-118.650372,804103620200617,804103620200703,
CA3702412151420200705,CREWS,MTBS,Wildfire,2020-07-05,2020,5799,2346.77,37.016989,-121.454391,804403420190908,804403420201012,
CA3609512052220200713,MINERAL,MTBS,Wildfire,2020-07-13,2020,29910,12104.16,36.176081,-120.560043,804303520200615,804303520200802,
CA4042112086320200718,HOG,MTBS,Wildfire,2020-07-18,2020,9712,3930.31,40.4205,-120.805008,804403220200708,804403220210711,804403220200809
CA4106412076220200720,GOLD,MTBS,Wildfire,2020-07-20,2020,21623,8750.53,41.063604,-120.81447,804403120200708,804403120210711,804403120200809
CA4169912147720200722,CALDWELL,MTBS,Wildfire,2020-07-22,2020,81842,33120.31,41.734551,-121.452966,804403120190823,804403120200910,
CA4118512343320200728,RED SALMON COMPLEX,MTBS,Wildfire,2020-07-28,2020,147429,59662.45,41.118673,-123.392258,A10TDL20200716_30m,A10TDL20210721_30m,
CA3606611745820200728,JUNCTION RANCH,MTBS,Wildfire,2020-07-28,2020,9326,3774.1,36.011721,-117.463581,804103520200617,804103520210604,
CA3535112000520200728,BRANCH,MTBS,Wildfire,2020-07-28,2020,3313,1340.72,35.295842,-120.02266,804203520200726,804203520200827,
CA3399211696420200731,APPLE,MTBS,Wildfire,2020-07-31,2020,32344,13089.16,34.023899,-116.858374,804003620200728,804003620210715,
CA3983312003820200802,NORTH,MTBS,Wildfire,2020-08-02,2020,6827,2762.79,39.849049,-119.989815,804303220200701,804303220200818,
CA3546511854420200803,STAGECOACH,MTBS,Wildfire,2020-08-03,2020,7709,3119.72,35.453378,-118.485001,804103620200617,804103620210604,
CA3467911845220200812,LAKE,MTBS,Wildfire,2020-08-12,2020,30958,12528.27,34.67691,-118.554917,804103620180425,804103620210503,804103620200921
CA3415711791120200813,RANCH2,MTBS,Wildfire,2020-08-13,2020,4489,1816.64,34.195552,-117.906729,804103620200703,804103620210706,804103620200820
CA3968112017120200814,LOYALTON,MTBS,Wildfire,2020-08-14,2020,45522,18422.12,39.706614,-120.108918,804303220200802,804303220200903,
CA3530111559820200815,DOME,MTBS,Wildfire,2020-08-15,2020,43612,17649.17,35.293055,-115.584837,803903620200806,803903620200822,
CA3642011844820200816,RATTLESNAKE,MTBS,Wildfire,2020-08-16,2020,9089,3678.19,36.429414,-118.415434,804103520200804,804103520210807,804103520201023
CA3656312164020200816,RIVER,MTBS,Wildfire,2020-08-16,2020,51566,20868.04,36.48134,-121.567124,804303520190512,804303520210501,
CA3726212222320200816,CZU AUG LIGHTNING,MTBS,Wildfire,2020-08-16,2020,85839,34737.84,37.1475,-122.223817,804403420200724,804403420210711,
CA3742412156820200816,SCU LIGHTNING COMPLEX,MTBS,Wildfire,2020-08-16,2020,405644,164158.45,37.351971,-121.44835,804403420190908,804403420201012,
CA3850412233720200817,HENNESSEY,MTBS,Wildfire,2020-08-17,2020,314015,127077.47,38.621189,-122.244033,804403320200708,804403320210711,
CA4009112093120200817,NORTH COMPLEX,MTBS,Wildfire,2020-08-17,2020,316524,128092.83,39.729332,-121.19477,804403220200809,804403220210711,804403220201012
CA3867312307820200817,WALLBRIDGE,MTBS,Wildfire,2020-08-17,2020,55152,22319.24,38.616163,-123.01249,804503320200731,804503320210718,804503320200917
CA4027912076220200817,SHEEP,MTBS,Wildfire,2020-08-17,2020,29156,11799.03,40.325191,-120.721024,804403220200708,804403220210711,804403220200910
CA3792911898320200817,BEACH,MTBS,Wildfire,2020-08-17,2020,3634,1470.63,37.933241,-118.987068,804203420200726,804203420200827,
CA3801812283920200818,WOODWARD,MTBS,Wildfire,2020-08-18,2020,4945,2001.17,38.023284,-122.821173,B10SEH20190816_30m,A10SEH20210721_30m,
CA3644612168220200818,CARMEL.,MTBS,Wildfire,2020-08-18,2020,7297,2952.99,36.417061,-121.654501,804303520200701,804303520210704,
CA4102912028120200818,W-5 COLD SPRINGS,MTBS,Wildfire,2020-08-18,2020,84096,34032.47,41.095133,-120.079595,804303220200802,804303220210805,804303220200903
CA3612312160220200819,DOLAN,MTBS,Wildfire,2020-08-19,2020,124343,50319.87,36.071736,-121.464622,804303520200428,804303520210501,
CA3616111845220200819,CASTLE,MTBS,Wildfire,2020-08-19,2020,174347,70555.79,36.218836,-118.543797,804103520200804,804103520210807,804103520201023
CA3780512029420200820,MOC,MTBS,Wildfire,2020-08-20,2020,3155,1276.78,37.786753,-120.271315,804303420200818,804303420200903,
CA3606211763420200821,COLES FLAT,MTBS,Wildfire,2020-08-21,2020,41111,16637.05,36.066923,-117.605929,804103520200804,804103520200905,
CA3856811956820200830,SLINK,MTBS,Wildfire,2020-08-30,2020,26472,10712.85,38.522116,-119.566626,804203320200827,804303320210805,
CA3405311699120200905,EL DORADO,MTBS,Wildfire,2020-09-05,2020,22286,9018.83,34.093707,-116.956861,804003620200728,804003620210715,
CA3720111927220200905,CREEK,MTBS,Wildfire,2020-09-05,2020,381529,154399.44,37.333273,-119.275849,804203420200827,804203420210830,
CA3276011669320200905,VALLEY,MTBS,Wildfire,2020-09-05,2020,16496,6675.7,32.736742,-116.68807,804003720180504,804003720210512,804003720200914
CA3424811795920200906,BOBCAT,MTBS,Wildfire,2020-09-06,2020,115647,46800.72,34.332527,-117.929758,804103620200703,804103620210706,804103620201007
CA4185812335420200908,SLATER,MTBS,Wildfire,2020-09-08,2020,157657,63801.58,41.946599,-123.50123,A10TDM20200716_30m,B10TDM20210716_30m,
CA4190412319120200909,DEVIL,MTBS,Wildfire,2020-09-09,2020,9043,3659.58,41.92474,-123.233661,804503120200715,804503120210718,
CA3388811668420200917,SNOW,MTBS,Wildfire,2020-09-17,2020,6461,2614.68,33.873513,-116.67964,804003620200509,804003620210512,804003620200930
CA4054112256820200927,ZOGG,MTBS,Wildfire,2020-09-27,2020,56904,23028.25,40.437042,-122.621813,B10TEK20200926_30m,B10TEK20201009_30m,
CA3855412253120200927,GLASS,MTBS,Wildfire,2020-09-27,2020,67971,27506.91,38.538204,-122.54585,804503320200715,804503320210718,
CA3375311768720201026,SILVERADO,MTBS,Wildfire,2020-10-26,2020,12504,5060.19,33.719328,-117.699782,804003720201016,804003720201117,
CA3387911761920201026,BLUE RIDGE,MTBS,Wildfire,2020-10-26,2020,13869,5612.59,33.912011,-117.702133,804003720201016,804003720201117,
CA3851511946520201117,MOUNTAIN VIEW,MTBS,Wildfire,2020-11-17,2020,14437,5842.45,38.559258,-119.407164,804303320200802,804303320210805,
CA4003412011520201117,LAURA 2,MTBS,Wildfire,2020-11-17,2020,3100,1254.53,40.066268,-120.087269,B11TKE20201105_30m,A11TKE20201120_30m,
CA3378011763820201203,BOND,MTBS,Wildfire,2020-12-03,2020,6616,2677.4,33.740176,-117.662987,804003720201117,804003720201219,
CA3340311726720201224,CREEK 5,MTBS,Wildfire,2020-12-24,2020,4404,1782.24,33.381342,-117.290736,804003720201219,804003720210104,
CA3298011643520210501,SOUTHERN,MTBS,Wildfire,2021-05-01,2021,5520,2233.87,32.980926,-116.464813,A11SNS20210430_30m,A11SNS20210510_30m,
CA3534311578320210617,MOJAVE,MTBS,Wildfire,2021-06-17,2021,2497,1010.5,35.362861,-115.758238,B11SPV20210614_30m,B11SPV20210624_30m,
CA3620712156020210618,WILLOW,MTBS,Wildfire,2021-06-18,2021,3089,1250.08,36.207629,-121.54596,804303520210602,804303520210704,
CA4145912232920210625,LAVA,MTBS,Wildfire,2021-06-25,2021,26263,10628.27,41.479619,-122.281062,804503120200715,804503120210718,
CA4166512205420210628,TENNANT,MTBS,Wildfire,2021-06-28,2021,11733,4748.18,41.717125,-122.041876,804503120200715,804503120220721,804503120210718
CA4086312235520210630,SALT,MTBS,Wildfire,2021-06-30,2021,12580,5090.95,40.910942,-122.358961,804503220200715,904503220220713,804503220210718
CA3983912034520210702,SUGAR,MTBS,Wildfire,2021-07-02,2021,108479,43899.93,39.936452,-120.178554,804303220200701,804303220210805,
CA3862811985720210704,TAMARACK,MTBS,Wildfire,2021-07-04,2021,70279,28440.93,38.718123,-119.730591,804303320200701,804303320220707,
CA3734911987120210711,RIVER,MTBS,Wildfire,2021-07-11,2021,10195,4125.77,37.331558,-119.830394,804303420210704,804303420210720,
CA3780211887520210712,DEXTER,MTBS,Wildfire,2021-07-12,2021,2981,1206.37,37.809645,-118.86957,804203420200726,804203420220716,804203420210814
CA4035012303620210730,MCFARLAND,MTBS,Wildfire,2021-07-30,2021,121476,49159.64,40.274496,-122.906372,804503220210718,804503220220721,804503220210920
CA3797811972120210731,TILTILL,MTBS,Wildfire,2021-07-31,2021,2829,1144.86,37.997406,-119.700505,804203420210713,804203420220716,804303420210821
CA4075212333720210731,MONUMENT,MTBS,Wildfire,2021-07-31,2021,225973,91448.11,40.732602,-123.254461,804503220210718,804503220220721,804503220210920
CA4114212301620210731,HAYPRESS,MTBS,Wildfire,2021-07-31,2021,204379,82709.32,41.110775,-122.979756,804503120200715,804503120220721,
CA4132412320120210731,CRONAN,MTBS,Wildfire,2021-07-31,2021,7603,3076.83,41.306533,-123.245189,804503120210718,804503120220721,804503120210920
CA4156412340420210801,MCCASH,MTBS,Wildfire,2021-08-01,2021,95698,38727.64,41.562002,-123.356517,804503120210718,904603120220720,
CA4150012192920210801,ANTELOPE,MTBS,Wildfire,2021-08-01,2021,141890,57420.9,41.623879,-121.769393,804503120210718,804503120220721,804503120210920
CA3908512098820210804,RIVER,MTBS,Wildfire,2021-08-04,2021,2707,1095.49,39.115324,-120.980154,804303320200717,804303320220723,
CA3627811855020210815,WALKERS,MTBS,Wildfire,2021-08-15,2021,9012,3647.03,36.30798,-118.546918,804203520210611,804203520220614,
CA3858612053820210815,CALDOR,MTBS,Wildfire,2021-08-15,2021,226739,91758.1,38.705891,-120.312748,804303320210805,804303320220723,
CA3568711855020210818,FRENCH,MTBS,Wildfire,2021-08-18,2021,27323,11057.24,35.692622,-118.565219,804203520210611,804203520220614,
CA4091612363420210829,KNOB,MTBS,Wildfire,2021-08-29,2021,2475,1001.6,40.904875,-123.627926,804503220210718,904503220220713,
CA3604711863120210910,WINDY,MTBS,Wildfire,2021-09-10,2021,97802,39579.1,35.980785,-118.600634,804203520210611,804203520220614,
CA3658211879520210912,KNP COMPLEX,MTBS,Wildfire,2021-09-12,2021,90072,36450.88,36.572553,-118.816525,804203520210611,804203520220614,
CA4073512229220210922,FAWN,MTBS,Wildfire,2021-09-22,2021,9086,3676.98,40.719924,-122.284407,804503220210718,804503220220721,
CA3451712013120211011,ALISAL,MTBS,Wildfire,2021-10-11,2021,17690,7158.9,34.493929,-120.104518,A11SKU20211003_30m,A11SKU20211122_30m,
CA3736911837220220216,AIRPORT,MTBS,Wildfire,2022-02-16,2022,4478,1812.18,37.275376,-118.30738,804203420220206,804203420220310,
CA3399311448120220526,LOST LAKE,MTBS,Wildfire,2022-05-26,2022,5456,2207.97,34.016993,-114.466931,803903620220524,803903620220609,
CA3493411887620220622,THUNDER,MTBS,Wildfire,2022-06-22,2022,2582,1044.9,34.923841,-118.896154,904103620220615,904103620220701,
CA3831412072120220704,ELECTRA,MTBS,Wildfire,2022-07-04,2022,4642,1878.55,38.338129,-120.651556,804303320220621,804303320220723,
CA3750011961420220707,WASHBURN,MTBS,Wildfire,2022-07-07,2022,4990,2019.38,37.523886,-119.585271,A11SKB20210824_30m,A11SKB20230804_30m,
CA3754911992120220722,OAK,MTBS,Wildfire,2022-07-22,2022,19419,7858.6,37.54257,-119.86587,904203420220708,904203420230727,
CA4183012289520220729,MCKINNEY,MTBS,Wildfire,2022-07-29,2022,60546,24502.12,41.813063,-122.841269,A10TEM20210830_30m,B10TEM20230815_30m,
CA4186812327820220730,YETI,MTBS,Wildfire,2022-07-30,2022,7819,3164.24,41.84046,-123.268679,B10TDM20220621_30m,A10TDM20230601_30m,
CA3766111947120220804,RED,MTBS,Wildfire,2022-08-04,2022,8507,3442.66,37.664648,-119.485143,804303420220707,804303420230726,
CA4082312363920220805,AMMON,MTBS,Wildfire,2022-08-05,2022,11514,4659.55,40.833197,-123.648218,B10TDL20220701_30m,B10TDL20230616_30m,
CA4090712359920220805,CAMPBELL,MTBS,Wildfire,2022-08-05,2022,30366,12288.7,40.947954,-123.55308,B10TDL20220701_30m,B10TDL20230616_30m,
CA3795411955220220808,RODGERS,MTBS,Wildfire,2022-08-08,2022,3154,1276.38,37.958429,-119.524914,804203420210830,904203420230828,
CA3451411862920220831,ROUTE,MTBS,Wildfire,2022-08-31,2022,5330,2156.98,34.545276,-118.643846,904103620220818,904103620220903,
CA3261311670620220831,BORDER 32,MTBS,Wildfire,2022-08-31,2022,4527,1832.01,32.609007,-116.664382,903903720220820,903903720220905,
CA4143212238420220902,MILL,MTBS,Wildfire,2022-09-02,2022,4416,1787.09,41.47713,-122.392651,904503120220830,904503120220915,
CA4142912263720220902,MOUNTAIN,MTBS,Wildfire,2022-09-02,2022,13950,5645.37,41.461317,-122.660411,A10TEL20220626_30m,B10TEL20230616_30m,
CA3371711689320220905,FAIRVIEW,MTBS,Wildfire,2022-09-05,2022,28657,11597.09,33.670993,-116.856506,B11SNT20220828_30m,A11SNT20220915_30m,
CA3900612074520220907,MOSQUITO,MTBS,Wildfire,2022-09-07,2022,77881,31517.35,39.022136,-120.674937,804303320220707,904303320230718,
CA4189012029820220907,BARNES,MTBS,Wildfire,2022-09-07,2022,5919,2395.34,41.870613,-120.265265,904303120220629,904303120230616,904303120221003
