event_id,fire_name,year,burn_area_ha,latitude,longitude,ignition_date,tile_used,majority_class,majority_label,ecosystem,sample_pixels,frac_class_10,frac_class_20,frac_class_30
CA3924012311020180727,RANCH,2018,172688.01,39.278856,-122.76003,2018-07-27,ESA_WorldCover_10m_2021_v200_N39W123_Map.tif,10.0,Tree cover,forest,537372,0.705,0.0001,0.2943
CA3879612276720191023,KINCADE,2019,31453.81,38.677337,-122.767482,2019-10-23,ESA_WorldCover_10m_2021_v200_N36W123_Map.tif,10.0,Tree cover,forest,537372,0.5234,0.002,0.4606
CA3720111927220200905,CREEK,2020,154399.44,37.333273,-119.275849,2020-09-05,ESA_WorldCover_10m_2021_v200_N36W120_Map.tif,10.0,Tree cover,forest,537372,0.6214,0.0001,0.3568
CA3858612053820210815,CALDOR,2021,91758.1,38.705891,-120.312748,2021-08-15,ESA_WorldCover_10m_2021_v200_N36W123_Map.tif,10.0,Tree cover,forest,537372,0.9734,0.0,0.0258
CA4183012289520220729,MCKINNEY,2022,24502.12,41.813063,-122.841269,2022-07-29,ESA_WorldCover_10m_2021_v200_N39W123_Map.tif,10.0,Tree cover,forest,537372,0.9081,0.0001,0.0874
CA3372011680020180725,CRANSTON,2018,5294.91,33.715246,-116.697029,2018-07-25,ESA_WorldCover_10m_2021_v200_N33W117_Map.tif,20.0,Shrubland,shrubland,537372,0.1217,0.6501,0.2184
CA3424811795920200906,BOBCAT,2020,46800.72,34.332527,-117.929758,2020-09-06,ESA_WorldCover_10m_2021_v200_N33W120_Map.tif,20.0,Shrubland,shrubland,537372,0.2806,0.6419,0.0459
CA3534311578320210617,MOJAVE,2021,1010.5,35.362861,-115.758238,2021-06-17,ESA_WorldCover_10m_2021_v200_N33W117_Map.tif,20.0,Shrubland,shrubland,537372,0.0,0.6376,0.336
CA3399311448120220526,LOST LAKE,2022,2207.97,34.016993,-114.466931,2022-05-26,ESA_WorldCover_10m_2021_v200_N33W117_Map.tif,20.0,Shrubland,shrubland,537372,0.0184,0.506,0.0024
CA3399211696420200731,APPLE,2020,13089.16,34.023899,-116.858374,2020-07-31,ESA_WorldCover_10m_2021_v200_N33W117_Map.tif,20.0,Shrubland,shrubland,537372,0.0168,0.8606,0.0526
CA3424011870020181108,WOOLSEY,2018,39641.02,34.118887,-118.799322,2018-11-08,ESA_WorldCover_10m_2021_v200_N33W120_Map.tif,30.0,Grassland,grassland,537372,0.3147,0.1942,0.3712
CA4172612124320190728,TUCKER,2019,5716.59,41.80318,-121.241014,2019-07-28,ESA_WorldCover_10m_2021_v200_N39W123_Map.tif,30.0,Grassland,grassland,537372,0.1318,0.0,0.8679
CA3742412156820200816,SCU LIGHTNING COMPLEX,2020,164158.45,37.351971,-121.44835,2020-08-16,ESA_WorldCover_10m_2021_v200_N36W123_Map.tif,30.0,Grassland,grassland,537372,0.4094,0.0081,0.5747
CA3734911987120210711,RIVER,2021,4125.77,37.331558,-119.830394,2021-07-11,ESA_WorldCover_10m_2021_v200_N36W120_Map.tif,30.0,Grassland,grassland,537372,0.2351,0.0002,0.7593
CA4143212238420220902,MILL,2022,1787.09,41.47713,-122.392651,2022-09-02,ESA_WorldCover_10m_2021_v200_N39W123_Map.tif,30.0,Grassland,grassland,537372,0.2885,0.0001,0.6587
